<?xml version="1.0" encoding="UTF-8"?>
<jdbcDataSource>
    <folder>/Ananya/Data_Sources</folder>
    <name>AnanyaDataSource</name>
    <version>15</version>
    <label>AnanyaDataSource</label>
    <description>A common Postgresql data source for all Ananya Reports.</description>
    <creationDate>2012-12-27T11:48:43.394+05:30</creationDate>
    <updateDate>2012-12-27T11:56:42.024+05:30</updateDate>
    <driver>org.postgresql.Driver</driver>
    <connectionUrl>jdbc:postgresql://localhost:5432/ananya</connectionUrl>
    <connectionUser>postgres</connectionUser>
    <connectionPassword>password</connectionPassword>
    <timezone></timezone>
</jdbcDataSource>
