<?xml version="1.0" encoding="UTF-8"?>
<query>
    <folder>/Ananya/Generic_Queries</folder>
    <name>HourlyTimeQuery</name>
    <version>0</version>
    <label>Hourly Time Query</label>
    <description></description>
    <creationDate>2013-01-10T12:02:52.188+05:30</creationDate>
    <updateDate>2013-01-10T11:17:09.889+05:30</updateDate>
    <language>sql</language>
    <queryString>SELECT (Lpad(''|| h.col, 2, '0')
        || ':'
        || '00') as hour
FROM Generate_series(0,23) h(col);</queryString>
    <dataSource>
        <uri>/Ananya/Data_Sources/AnanyaDataSource</uri>
    </dataSource>
</query>
