<?xml version="1.0" encoding="UTF-8"?>
<export><property name="pathProcessorId" value="zip"/><property name="jsVersion" value="5.0.0"/><module id="authority"><user>jasperadmin</user><user>anonymousUser</user><user>kilkari</user><user>joeuser</user><user>flwuser</user><role>ROLE_ADMINISTRATOR</role><role>ROLE_USER</role><role>ROLE_ANONYMOUS</role><role>ROLE_KILKARI</role><role>ROLE_FLW</role></module><module id="repositoryResources"><resource>/Ananya/Reports/Certificate_Repeat_Visit/Certificate_Repeat_Visit</resource></module><module id="reportJobs"/></export>