<?xml version="1.0" encoding="UTF-8"?>
<jdbcDataSource>
    <folder>/Ananya/Data_Sources</folder>
    <name>AnanyaDataSource</name>
    <version>21</version>
    <label>AnanyaDataSource</label>
    <description>A common Postgresql data source for all Ananya Reports.</description>
    <creationDate>2013-01-28T15:28:25.110+05:30</creationDate>
    <updateDate>2013-01-28T15:30:17.770+05:30</updateDate>
    <driver>org.postgresql.Driver</driver>
    <connectionUrl>jdbc:postgresql://192.168.42.51:5432/ananya</connectionUrl>
    <connectionUser>postgres</connectionUser>
    <connectionPassword>password</connectionPassword>
    <timezone></timezone>
</jdbcDataSource>
