<?xml version="1.0" encoding="UTF-8"?>
<inputControl>
    <folder>/Ananya/Input_Controls</folder>
    <name>StartDate</name>
    <version>11</version>
    <label>StartDate</label>
    <description>The start date for filtering.</description>
    <creationDate>2012-12-27T10:43:58.635+05:30</creationDate>
    <updateDate>2012-12-24T16:20:56.049+05:30</updateDate>
    <type>2</type>
    <mandatory>true</mandatory>
    <readOnly>false</readOnly>
    <visible>true</visible>
    <dataType>
        <localResource
            xmlns:xsi="http://www.w3.org/2001/XMLSchema-instance" xsi:type="dataType">
            <folder>/Ananya/Input_Controls/StartDate_files</folder>
            <name>StartDate</name>
            <version>1</version>
            <label>StartDate</label>
            <description></description>
            <creationDate>2012-12-27T10:43:58.635+05:30</creationDate>
            <updateDate>2012-12-24T16:07:23.930+05:30</updateDate>
            <type>3</type>
            <regularExpr></regularExpr>
            <strictMin>false</strictMin>
            <strictMax>false</strictMax>
        </localResource>
    </dataType>
</inputControl>
