<?xml version="1.0" encoding="UTF-8"?>
<inputControl>
    <folder>/Ananya/Input_Controls</folder>
    <name>Count</name>
    <version>1</version>
    <label>Count</label>
    <description></description>
    <creationDate>2013-01-16T13:35:22.398+05:30</creationDate>
    <updateDate>2013-01-16T13:11:46.106+05:30</updateDate>
    <type>2</type>
    <mandatory>false</mandatory>
    <readOnly>false</readOnly>
    <visible>true</visible>
    <dataType>
        <localResource
            xmlns:xsi="http://www.w3.org/2001/XMLSchema-instance" xsi:type="dataType">
            <folder>/Ananya/Input_Controls/Count_files</folder>
            <name>Count</name>
            <version>1</version>
            <label>Count</label>
            <description></description>
            <creationDate>2013-01-16T13:35:22.398+05:30</creationDate>
            <updateDate>2013-01-16T13:11:46.106+05:30</updateDate>
            <type>2</type>
            <regularExpr></regularExpr>
            <strictMin>false</strictMin>
            <strictMax>false</strictMax>
        </localResource>
    </dataType>
</inputControl>
