<?xml version="1.0" encoding="UTF-8"?>
<jdbcDataSource>
    <folder>/Ananya/Data_Sources</folder>
    <name>AnanyaDataSource</name>
    <version>18</version>
    <label>AnanyaDataSource</label>
    <description>A common Postgresql data source for all Ananya Reports.</description>
    <creationDate>2013-01-08T10:52:26.042+05:30</creationDate>
    <updateDate>2013-01-08T10:54:36.474+05:30</updateDate>
    <driver>org.postgresql.Driver</driver>
    <connectionUrl>jdbc:postgresql://192.168.42.51:5432/ananya</connectionUrl>
    <connectionUser>postgres</connectionUser>
    <connectionPassword>password</connectionPassword>
    <timezone></timezone>
</jdbcDataSource>
