<?xml version="1.0" encoding="UTF-8"?>
<jdbcDataSource>
    <folder>/Ananya/Data_Sources</folder>
    <name>AnanyaDataSource</name>
    <version>20</version>
    <label>AnanyaDataSource</label>
    <description>A common Postgresql data source for all Ananya Reports.</description>
    <creationDate>2013-01-10T18:43:22.246+05:30</creationDate>
    <updateDate>2013-01-10T18:43:56.188+05:30</updateDate>
    <driver>org.postgresql.Driver</driver>
    <connectionUrl>jdbc:postgresql://localhost:5432/ananya</connectionUrl>
    <connectionUser>postgres</connectionUser>
    <connectionPassword>password</connectionPassword>
    <timezone></timezone>
</jdbcDataSource>
