<?xml version="1.0" encoding="UTF-8"?>
<inputControl>
    <folder>/Ananya/Input_Controls</folder>
    <name>EndDate</name>
    <version>14</version>
    <label>EndDate</label>
    <description>The end date for filtering.</description>
    <creationDate>2013-01-03T15:13:35.143+05:30</creationDate>
    <updateDate>2012-12-24T16:19:23.072+05:30</updateDate>
    <type>2</type>
    <mandatory>true</mandatory>
    <readOnly>false</readOnly>
    <visible>true</visible>
    <dataType>
        <localResource
            xmlns:xsi="http://www.w3.org/2001/XMLSchema-instance" xsi:type="dataType">
            <folder>/Ananya/Input_Controls/EndDate_files</folder>
            <name>EndDate</name>
            <version>1</version>
            <label>EndDate</label>
            <description></description>
            <creationDate>2013-01-03T15:13:35.143+05:30</creationDate>
            <updateDate>2012-12-24T16:07:49.459+05:30</updateDate>
            <type>3</type>
            <regularExpr></regularExpr>
            <strictMin>false</strictMin>
            <strictMax>false</strictMax>
        </localResource>
    </dataType>
</inputControl>
